source_table,hub_code,columns,provenance
BA_HCP_DT_MEM,HUB_COVERAGE,HCP_SEQNO,discovered
BA_HCP_DT_POL_COV,HUB_COVERAGE,HCP_SEQNO,discovered
BA_HCP_DT_PREMIUM,HUB_PARTY,USER_ID,discovered
BA_HCP_DT_PREMIUM,HUB_COVERAGE,HCP_SEQNO,discovered
BA_HCP_POL_MST,HUB_PARTY,USER_ID,discovered
BA_HCP_PROD_8428_GPG_LOADER,HUB_RISK_OBJECT,POL_SERIAL_NO+MD_SEQ_NO,confirmed
BA_HCP_PROD_8428_GPG_LOADER,HUB_PARTY,PD_IMD_RM_E_CODE,reanchor
BA_HCP_PROD_8428_GPG_LOADER,HUB_PARTY,PD_BAGIC_RM_E_CODE,reanchor
BA_HCP_PROD_8432_ECP_LOADER,HUB_PARTY,PD_IMD_RM_E_CODE,reanchor
BA_HCP_PROD_8432_ECP_LOADER,HUB_PARTY,PD_BAGIC_RM_E_CODE,reanchor
BA_HCP_PROD_8433_FHC_LOADER,HUB_RISK_OBJECT,POL_SERIAL_NO+MD_SEQ_NO,confirmed
BA_HCP_PROD_8433_FHC_LOADER,HUB_PARTY,PD_IMD_RM_E_CODE,reanchor
BA_HCP_PROD_8433_FHC_LOADER,HUB_PARTY,PD_BAGIC_RM_E_CODE,reanchor
BA_HCP_PROD_8439_CLH_LOADER,HUB_PARTY,PD_IMD_RM_E_CODE,reanchor
BA_HCP_PROD_8439_CLH_LOADER,HUB_PARTY,PD_BAGIC_RM_E_CODE,reanchor
BJAZ_EC_MEM_DTLS_EXTN,HUB_RISK_OBJECT,CONTRACT_ID+MEMBER_NO,confirmed
BJAZ_GPG_POL_DTLS,HUB_PARTY,BAGIC_E_CODE,reanchor
BJAZ_GPG_POL_DTLS,HUB_PARTY,IMD_CODE,reanchor
BJAZ_GPG_POL_DTLS,HUB_PARTY,SUB_IMD_CODE,reanchor
BJAZ_GPG_POL_DTLS,HUB_PARTY,BAGIC_RM_E_CODE,reanchor
BJAZ_GRP_HLT_DTLS,HUB_PROPOSAL,QUOTE_REF_NO,confirmed
BJAZ_GRP_HLT_IMD_DTLS,HUB_PARTY,IMD_CODE,reanchor
BJAZ_GRP_HLT_IMD_DTLS,HUB_PARTY,SUB_IMD_CODE,reanchor
BJAZ_HAT_CASE_OCR_DTLS,HUB_POLICY,POLICY_NUMBER,discovered
BJAZ_HAT_CASE_OCR_DTLS,HUB_PRODUCT,PRODUCT_CODE,discovered
BJAZ_HAT_CASE_OCR_DTLS,HUB_DISTRIBUTION_CHANNEL,IMD_CODE,discovered
BJAZ_HAT_CASE_OCR_DTLS,HUB_CLAIM,CASE_ID,discovered
BJAZ_HAT_CASE_OCR_DTLS,HUB_CLAIM,CLAIM_ID,discovered
BJAZ_HCF_MEMBER_DTLS,HUB_RISK_OBJECT,CONTRACT_ID+MEMBER_NO,confirmed
BJAZ_HG_POL_DTLS,HUB_PROPOSAL,QUOTE_REF_NO,confirmed
BJAZ_HM_BILL_PAYMENT,HUB_PARTY,PART_ID,discovered
BJAZ_HM_CLM_REGISTER,HUB_POLICY,CONTRACT_ID,discovered
BJAZ_HM_CLM_REGISTER,HUB_POLICY,POLICY_REF,discovered
BJAZ_HM_CLM_REGISTER,HUB_DISTRIBUTION_CHANNEL,MAIN_AGENT_CODE,discovered
BJAZ_HM_CLM_REGISTER,HUB_CLAIM,CLAIM_ID,discovered
BJAZ_HM_CLM_REGISTER,HUB_CLAIM,CLID_HPMS,discovered
BJAZ_HM_CLM_REGISTER,HUB_DOCUMENT,INWARD_ID,discovered
BJAZ_HM_DOC_RECOVERY,HUB_COVERAGE,COVER_SECTION,discovered
BJAZ_HM_HCM_EXTRACT,HUB_LOSS_EVENT,CLAIM_NO,confirmed
BJAZ_HM_HCM_EXTRACT,HUB_FINANCIAL_TRANSACTION,CLAIM_NO+UTR_NO,confirmed
BJAZ_HM_HCM_EXTRACT,HUB_PAYMENT_INSTRUMENT,UTR_NO,confirmed
BJAZ_HM_HCM_EXTRACT,HUB_LOCATION,POLICY_LOCATION,confirmed
BJAZ_HM_HOSPITAL_MASTER,HUB_DISTRIBUTION_CHANNEL,PARTNER_ID,discovered
BJAZ_HM_HOSPITAL_MASTER,HUB_AGREEMENT,HOSID,confirmed
BJAZ_HM_HOSPITAL_MASTER,HUB_LOCATION,PIN_CODE,confirmed
BJAZ_HM_HOSPITAL_MASTER_EXTN,HUB_AGREEMENT,HOSID,confirmed
BJAZ_HM_HOSP_MASTER_EXTN1,HUB_AGREEMENT,HOSID,confirmed
BJAZ_HM_INVESTI_PAYMENT,HUB_PARTY,PART_ID,discovered
BJAZ_HM_INVESTI_PAYMENT,HUB_PAYMENT_INSTRUMENT,CHEQUE_NO,discovered
BJAZ_HM_INWARD_AUTOALLOCATION,HUB_DOCUMENT,OMNI_INWARD_NO,discovered
BJAZ_HM_INWARD_DTLS,HUB_LOSS_EVENT,CLAIM_ID,confirmed
BJAZ_HM_OUTWARD_DTLS,HUB_POLICY,POLICY_REF,discovered
BJAZ_HM_OUTWARD_DTLS,HUB_LOCATION,LOCATION_CODE,discovered
BJAZ_HM_OUTWARD_DTLS,HUB_DOCUMENT,OUTWARD_ID,discovered
BJAZ_HM_POLICY_USERMAPPING,HUB_PARTY,LOGINNAME,confirmed
BJAZ_REMEDINET_CLAIM_DETAILS,HUB_AGREEMENT,REMEDINET_PROVIDER_CODE,confirmed
BJAZ_REMEDINET_CLAIM_DETAILS,HUB_PARTY,REMEDINET_PROVIDER_CODE,reanchor
BJAZ_SPP_MEMBER_DTLS,HUB_POLICY,CONTRACT_ID,discovered
BJAZ_SPP_MEMBER_DTLS,HUB_POLICY,POLICY_NUMBER,discovered
BJAZ_SPP_MEMBER_DTLS,HUB_DISTRIBUTION_CHANNEL,PARTNER_ID,discovered
BJAZ_TPA_CLAIM_DETAILS_WS,HUB_DISTRIBUTION_CHANNEL,PARTNER_ID,discovered
BJAZ_TPA_CLAIM_DETAILS_WS,HUB_LOSS_EVENT,TPA_CLAIM_NO,confirmed
BJAZ_TPA_CLAIM_DETAILS_WS,HUB_FINANCIAL_TRANSACTION,TPA_TRANS_KEY,confirmed
BJAZ_TPA_CLAIM_DETAILS_WS,HUB_ORG_UNIT,OPERATING_OFFICE,confirmed
BJAZ_TPA_CLAIM_DETAILS_WS,HUB_ORG_UNIT,CONTROLLING_OFFICE,confirmed
BJAZ_TPA_CLAIM_DETAILS_WS,HUB_PARTY,HOSPITAL_CODE,reanchor
BA_HDFC_LEAD,HUB_POLICY,POLICY_REF,discovered
BA_HDFC_LEAD,HUB_PARTY,PROSPECT_ID,discovered
BA_HDFC_LEAD,HUB_PARTY,SM_CODE,discovered
BA_HDFC_LEAD,HUB_ASSESSMENT,SCRUTINY_NO,discovered
BA_HDFC_LEAD,HUB_PROPOSAL,BA_LEAD_NO,discovered
BJAZ_ADLD_PREM_DTLS,HUB_POLICY,MASTER_POLICY_NO,discovered
BJAZ_ADLD_PREM_DTLS,HUB_PARTY,BDR_CODE,discovered
BJAZ_ADLD_PREM_DTLS,HUB_PARTY,CLIENT_ID,discovered
BJAZ_ADLD_PREM_DTLS,HUB_PARTY,CUSTOMER_ID,discovered
BJAZ_ADLD_PREM_DTLS,HUB_PARTY,SM_CODE,discovered
BJAZ_ADLD_PREM_DTLS,HUB_PARTY,USER_ID,discovered
BJAZ_ADLD_PREM_DTLS,HUB_PRODUCT,PRODUCT_CODE,discovered
BJAZ_ADLD_PREM_DTLS,HUB_DISTRIBUTION_CHANNEL,IMD_CODE,discovered
BJAZ_ADLD_PREM_DTLS,HUB_DISTRIBUTION_CHANNEL,PARTNER_ID,discovered
BJAZ_ADLD_PREM_DTLS,HUB_DISTRIBUTION_CHANNEL,SUBIMD_ID,discovered
BJAZ_ADLD_PREM_DTLS,HUB_PROPOSAL,BA_LEAD_NO,discovered
BJAZ_ADLD_PREM_DTLS,HUB_PROPOSAL,KGC_PROPOSAL_NUMBER,discovered
BJAZ_ADLD_PREM_DTLS,HUB_FINANCIAL_ACCOUNT,S_ACCOUNT_NUMBER,discovered
BJAZ_CLM_PRE_AUTH_HLT_DTLS,HUB_POLICY,CONTRACT_ID,discovered
BJAZ_CLM_PRE_AUTH_HLT_DTLS,HUB_PARTY,HOSPITAL_ID,discovered
BJAZ_CLM_PRE_AUTH_HLT_DTLS,HUB_PRODUCT,PRODUCT_4DIGIT_CODE,discovered
BJAZ_CLM_PRE_AUTH_HLT_DTLS,HUB_CLAIM,CLAIM_ID,discovered
BJAZ_CLM_PRE_AUTH_HLT_DTLS,HUB_DOCUMENT,CARD_NO,discovered
BJAZ_CLM_SUPP_EXTN,HUB_DISTRIBUTION_CHANNEL,IMD_CODE,discovered
BJAZ_CLM_SUPP_EXTN,HUB_DISTRIBUTION_CHANNEL,PARTNER_ID,discovered
BJAZ_CLM_SUPP_EXTN,HUB_DISTRIBUTION_CHANNEL,SUB_IMD_CODE,discovered
BJAZ_CLM_SUPP_EXTN,HUB_LOCATION,LOCATION_CODE,discovered
BJAZ_CLM_SUPP_EXTN,HUB_LOCATION,LOC_CODE,discovered
BJAZ_CLM_WG_TRANS_DTLS,HUB_POLICY,POLICY_REF,discovered
BJAZ_CLM_WG_TRANS_DTLS,HUB_PRODUCT,PRODUCT_CODE,discovered
BJAZ_CLM_WG_TRANS_DTLS,HUB_LOCATION,LOCATION_CODE,discovered
BJAZ_CLM_WG_TRANS_DTLS,HUB_CLAIM,CLAIM_ID,discovered
BJAZ_CLM_WG_TRANS_DTLS_HIST,HUB_POLICY,POLICY_REF,discovered
BJAZ_CLM_WG_TRANS_DTLS_HIST,HUB_PRODUCT,PRODUCT_CODE,discovered
BJAZ_CLM_WG_TRANS_DTLS_HIST,HUB_LOCATION,LOCATION_CODE,discovered
BJAZ_CLM_WG_TRANS_DTLS_HIST,HUB_CLAIM,CLAIM_ID,discovered
BJAZ_CTNGY_FF_DTLS_EXTN,HUB_POLICY,CONTRACT_ID,discovered
BJAZ_CTNGY_FF_DTLS_EXTN,HUB_PRODUCT,SCHEME_CODE,discovered
BJAZ_CTNGY_FF_DTLS_EXTN,HUB_DISTRIBUTION_CHANNEL,PARTNER_ID,discovered
BJAZ_CTNGY_GC_MEM_DATA,HUB_POLICY,POLICY_REF,discovered
BJAZ_CTNGY_GC_MEM_DATA,HUB_DISTRIBUTION_CHANNEL,PARTNER_ID,discovered
BJAZ_CTNGY_PA_MEM_DTLS,HUB_POLICY,CONTRACT_ID,discovered
BJAZ_CTNGY_PA_MEM_DTLS,HUB_PRODUCT,SCHEME_CODE,discovered
BJAZ_CTNGY_PA_MEM_DTLS,HUB_DISTRIBUTION_CHANNEL,PARTNER_ID,discovered
BJAZ_CTNGY_PA_MEM_DTLS,HUB_RISK_OBJECT,CONTRACT_ID+MEMBER_REF_NUMBER,confirmed
BJAZ_EWR_POL_DTLS,HUB_POLICY,CONTRACT_ID,discovered
BJAZ_EWR_POL_DTLS,HUB_POLICY,POLICY_REF,discovered
BJAZ_EWR_POL_DTLS,HUB_PARTY,EMP_CODE,discovered
BJAZ_EWR_POL_DTLS,HUB_PARTY,PART_ID,discovered
BJAZ_EWR_POL_DTLS,HUB_PARTY,PROSPECT_ID,discovered
BJAZ_EWR_POL_DTLS,HUB_PARTY,RM_CODE,discovered
BJAZ_EWR_POL_DTLS,HUB_PRODUCT,PRODUCT_4DIGIT_CODE,discovered
BJAZ_EWR_POL_DTLS,HUB_DISTRIBUTION_CHANNEL,BUSINESS_SOURCE,discovered
BJAZ_EWR_POL_DTLS,HUB_DISTRIBUTION_CHANNEL,MAIN_AGENT_CODE,discovered
BJAZ_EWR_POL_DTLS,HUB_ORG_UNIT,COMPANY_ORG_UNIT,discovered
BJAZ_EWR_POL_DTLS,HUB_ORG_UNIT,DEPARTMENT_CODE,discovered
BJAZ_EWR_POL_DTLS,HUB_ORG_UNIT,DEPT_CODE,discovered
BJAZ_EWR_POL_DTLS,HUB_QUOTE,QUOTE_REF_NO,discovered
BJAZ_FLEXI_CYBER_DATA,HUB_POLICY,MASTER_POLICY_NO,discovered
BJAZ_FLEXI_CYBER_DATA,HUB_PARTY,BDR_CODE,discovered
BJAZ_FLEXI_CYBER_DATA,HUB_PARTY,CLIENT_ID,discovered
BJAZ_FLEXI_CYBER_DATA,HUB_PARTY,CUSTOMER_ID,discovered
BJAZ_FLEXI_CYBER_DATA,HUB_PARTY,SM_CODE,discovered
BJAZ_FLEXI_CYBER_DATA,HUB_PARTY,USER_ID,discovered
BJAZ_FLEXI_CYBER_DATA,HUB_PRODUCT,PRODUCT_CODE,discovered
BJAZ_FLEXI_CYBER_DATA,HUB_DISTRIBUTION_CHANNEL,IMD_CODE,discovered
BJAZ_FLEXI_CYBER_DATA,HUB_DISTRIBUTION_CHANNEL,PARTNER_ID,discovered
BJAZ_FLEXI_CYBER_DATA,HUB_DISTRIBUTION_CHANNEL,SUBIMD_ID,discovered
BJAZ_FLEXI_CYBER_DATA,HUB_PROPOSAL,BA_LEAD_NO,discovered
BJAZ_FLEXI_CYBER_DATA,HUB_PROPOSAL,KGC_PROPOSAL_NUMBER,discovered
BJAZ_FLEXI_CYBER_DATA,HUB_FINANCIAL_ACCOUNT,S_ACCOUNT_NUMBER,discovered
BJAZ_FPLM_OD_HOSPITAL_DETAILS,HUB_CLAIM,CLAIM_ID,discovered
BJAZ_GC_GROUP_GUARD_DTLS,HUB_POLICY,POLICY_REF,discovered
BJAZ_GC_GROUP_GUARD_DTLS,HUB_PARTY,USER_ID,discovered
BJAZ_GC_GROUP_GUARD_DTLS,HUB_PRODUCT,PLAN_ID,discovered
BJAZ_GC_GROUP_GUARD_DTLS,HUB_PRODUCT,PRODUCT_CODE,discovered
BJAZ_GC_GROUP_GUARD_DTLS,HUB_DISTRIBUTION_CHANNEL,LG_CODE,discovered
BJAZ_GC_GROUP_GUARD_DTLS,HUB_DISTRIBUTION_CHANNEL,PARTNER_ID,discovered
BJAZ_GC_GROUP_GUARD_DTLS,HUB_LOCATION,LOCATION_CODE,discovered
BJAZ_GG_PREM_DTLS,HUB_POLICY,MASTER_POLICY_NO,discovered
BJAZ_GG_PREM_DTLS,HUB_PARTY,BDR_CODE,discovered
BJAZ_GG_PREM_DTLS,HUB_PARTY,CLIENT_ID,discovered
BJAZ_GG_PREM_DTLS,HUB_PARTY,CUSTOMER_ID,discovered
BJAZ_GG_PREM_DTLS,HUB_PARTY,SM_CODE,discovered
BJAZ_GG_PREM_DTLS,HUB_PARTY,USER_ID,discovered
BJAZ_GG_PREM_DTLS,HUB_PRODUCT,PRODUCT_CODE,discovered
BJAZ_GG_PREM_DTLS,HUB_DISTRIBUTION_CHANNEL,IMD_CODE,discovered
BJAZ_GG_PREM_DTLS,HUB_DISTRIBUTION_CHANNEL,PARTNER_ID,discovered
BJAZ_GG_PREM_DTLS,HUB_DISTRIBUTION_CHANNEL,SUBIMD_ID,discovered
BJAZ_GG_PREM_DTLS,HUB_PROPOSAL,BA_LEAD_NO,discovered
BJAZ_GG_PREM_DTLS,HUB_PROPOSAL,KGC_PROPOSAL_NUMBER,discovered
BJAZ_GG_PREM_DTLS,HUB_FINANCIAL_ACCOUNT,S_ACCOUNT_NUMBER,discovered
BJAZ_HAT_DEDUTION_SUMMARY,HUB_CLAIM,CASE_ID,discovered
BJAZ_HDFC_FLEXIPA,HUB_PARTY,BDR_CODE,discovered
BJAZ_HDFC_FLEXIPA,HUB_PARTY,CLIENT_ID,discovered
BJAZ_HDFC_FLEXIPA,HUB_PARTY,CUSTOMER_ID,discovered
BJAZ_HDFC_FLEXIPA,HUB_PARTY,SM_CODE,discovered
BJAZ_HDFC_FLEXIPA,HUB_PARTY,USER_ID,discovered
BJAZ_HDFC_FLEXIPA,HUB_PRODUCT,PRODUCT_CODE,discovered
BJAZ_HDFC_FLEXIPA,HUB_DISTRIBUTION_CHANNEL,IMD_CODE,discovered
BJAZ_HDFC_FLEXIPA,HUB_DISTRIBUTION_CHANNEL,PARTNER_ID,discovered
BJAZ_HDFC_FLEXIPA,HUB_DISTRIBUTION_CHANNEL,SUBIMD_ID,discovered
BJAZ_HDFC_FLEXIPA,HUB_PROPOSAL,BA_LEAD_NO,discovered
BJAZ_HDFC_FLEXIPA,HUB_FINANCIAL_ACCOUNT,S_ACCOUNT_NUMBER,discovered
BJAZ_HDFC_SURK_SHOP,HUB_POLICY,MASTER_POLICY_NO,discovered
BJAZ_HDFC_SURK_SHOP,HUB_POLICY,POLICY_REF,discovered
BJAZ_HDFC_SURK_SHOP,HUB_PARTY,USER_ID,discovered
BJAZ_HDFC_SURK_SHOP,HUB_PRODUCT,PRODUCT_CODE,discovered
BJAZ_HDFC_SURK_SHOP,HUB_DISTRIBUTION_CHANNEL,IMD_CODE,discovered
BJAZ_HDFC_SURK_SHOP,HUB_DISTRIBUTION_CHANNEL,PARTNER_ID,discovered
BJAZ_HDFC_SURK_SHOP,HUB_DISTRIBUTION_CHANNEL,SUBIMD_ID,discovered
BJAZ_HDFC_SURK_SHOP,HUB_QUOTE,QUOTE_NO,discovered
BJAZ_HM_CLAIM_PAYMENT,HUB_CLAIM,CLAIM_ID,discovered
BJAZ_HM_CLAIM_PAYMENT,HUB_CLAIM,CLID_HPMS,discovered
BJAZ_HM_CLM_ENHANCE,HUB_CLAIM,CLAIM_ID,discovered
BJAZ_HM_CLM_ENHANCE,HUB_CLAIM,CLID_HPMS,discovered
BJAZ_HM_CLM_REGISTER_EXTN,HUB_CLAIM,CLAIM_ID,discovered
BJAZ_HM_CLM_REGISTER_EXTN,HUB_CLAIM,CLID_HPMS,discovered
BJAZ_HM_PCS_DES_MASTER,HUB_ASSESSMENT,PCS_ID,discovered
BJAZ_HM_PCS_MASTER,HUB_ASSESSMENT,PCS_ID,discovered
BJAZ_INVESTIGATION_REPORTS,HUB_CLAIM,CLAIM_ID,discovered
BJAZ_PA_DETL_EXTN,HUB_POLICY,CONTRACT_ID,discovered
BJAZ_PA_DETL_EXTN,HUB_DISTRIBUTION_CHANNEL,PARTNER_ID,discovered
BJAZ_PC_ONLINE_POL_DTLS_MV,HUB_POLICY,CONTRACT_ID,discovered
BJAZ_PC_ONLINE_POL_DTLS_MV,HUB_PARTY,PART_ID,discovered
BJAZ_PC_ONLINE_POL_DTLS_MV,HUB_PRODUCT,PRODUCT_4DIGIT_CODE,discovered
BJAZ_PC_ONLINE_POL_DTLS_MV,HUB_DISTRIBUTION_CHANNEL,MAIN_AGENT_CODE,discovered
BJAZ_PC_ONLINE_POL_DTLS_MV,HUB_ORG_UNIT,COMPANY_ORG_UNIT,discovered
BJAZ_PC_ONLINE_POL_DTLS_MV,HUB_ORG_UNIT,DEPARTMENT_CODE,discovered
BJAZ_PNB_GPA_DATA,HUB_POLICY,MASTER_POLICY_NO,discovered
BJAZ_PNB_GPA_DATA,HUB_PARTY,BDR_CODE,discovered
BJAZ_PNB_GPA_DATA,HUB_PARTY,CLIENT_ID,discovered
BJAZ_PNB_GPA_DATA,HUB_PARTY,CUSTOMER_ID,discovered
BJAZ_PNB_GPA_DATA,HUB_PARTY,SM_CODE,discovered
BJAZ_PNB_GPA_DATA,HUB_PARTY,USER_ID,discovered
BJAZ_PNB_GPA_DATA,HUB_PRODUCT,PRODUCT_CODE,discovered
BJAZ_PNB_GPA_DATA,HUB_DISTRIBUTION_CHANNEL,IMD_CODE,discovered
BJAZ_PNB_GPA_DATA,HUB_DISTRIBUTION_CHANNEL,PARTNER_ID,discovered
BJAZ_PNB_GPA_DATA,HUB_DISTRIBUTION_CHANNEL,SUBIMD_ID,discovered
BJAZ_PNB_GPA_DATA,HUB_LOCATION,LOCATIONCODE,discovered
BJAZ_PNB_GPA_DATA,HUB_PROPOSAL,BA_LEAD_NO,discovered
BJAZ_PNB_GPA_DATA,HUB_PROPOSAL,KGC_PROPOSAL_NUMBER,discovered
BJAZ_PNB_GPA_DATA,HUB_FINANCIAL_ACCOUNT,S_ACCOUNT_NUMBER,discovered
BJAZ_RR_PREM_DTLS,HUB_POLICY,MASTER_POLICY_NO,discovered
BJAZ_RR_PREM_DTLS,HUB_PARTY,BDR_CODE,discovered
BJAZ_RR_PREM_DTLS,HUB_PARTY,CLIENT_ID,discovered
BJAZ_RR_PREM_DTLS,HUB_PARTY,CUSTOMER_ID,discovered
BJAZ_RR_PREM_DTLS,HUB_PARTY,SM_CODE,discovered
BJAZ_RR_PREM_DTLS,HUB_PARTY,USER_ID,discovered
BJAZ_RR_PREM_DTLS,HUB_PRODUCT,PRODUCT_CODE,discovered
BJAZ_RR_PREM_DTLS,HUB_DISTRIBUTION_CHANNEL,IMD_CODE,discovered
BJAZ_RR_PREM_DTLS,HUB_DISTRIBUTION_CHANNEL,PARTNER_ID,discovered
BJAZ_RR_PREM_DTLS,HUB_DISTRIBUTION_CHANNEL,SUBIMD_ID,discovered
BJAZ_RR_PREM_DTLS,HUB_PROPOSAL,BA_LEAD_NO,discovered
BJAZ_RR_PREM_DTLS,HUB_PROPOSAL,KGC_PROPOSAL_NUMBER,discovered
BJAZ_RR_PREM_DTLS,HUB_FINANCIAL_ACCOUNT,S_ACCOUNT_NUMBER,discovered
BJAZ_SCRUTINY_IP_DTLS,HUB_DISTRIBUTION_CHANNEL,PARTNER_ID,discovered
BJAZ_SCRUTINY_IP_DTLS,HUB_ASSESSMENT,SCRUTINY_NO,discovered
BJAZ_STARPKG_FF_DTLS,HUB_POLICY,CONTRACT_ID,discovered
BJAZ_STARPKG_FF_DTLS,HUB_DISTRIBUTION_CHANNEL,PARTNER_ID,discovered
BJAZ_SUPER_SURAKSHA_DTLS,HUB_POLICY,CONTRACT_ID,discovered
BJAZ_SUPER_SURAKSHA_DTLS,HUB_POLICY,POLICY_REF,discovered
BJAZ_SUPER_SURAKSHA_DTLS,HUB_PARTY,CUSTOMER_ID,discovered
BJAZ_SUPER_SURAKSHA_DTLS,HUB_PARTY,USER_ID,discovered
BJAZ_SUPER_SURAKSHA_DTLS,HUB_PRODUCT,PRODUCT_CODE,discovered
BJAZ_SUPER_SURAKSHA_DTLS,HUB_DISTRIBUTION_CHANNEL,IMD_CODE,discovered
BJAZ_SUPER_SURAKSHA_DTLS,HUB_DISTRIBUTION_CHANNEL,PARTNER_ID,discovered
BJAZ_SUPER_SURAKSHA_DTLS,HUB_DISTRIBUTION_CHANNEL,SUBIMD_CODE,discovered
BJAZ_SUPER_SURAKSHA_DTLS,HUB_LOCATION,LOCATION_CODE,discovered
BJAZ_SUPER_SURAKSHA_DTLS,HUB_ASSESSMENT,SCRUTINY_NO,discovered
BJAZ_TPCLM_COURT_DTL_EXTN,HUB_CLAIM,CLAIM_ID,discovered
BJAZ_TPCLM_HOSPITAL_DTL,HUB_CLAIM,CLAIM_ID,discovered
BJAZ_TPCLM_HOSPITAL_TRAN_DTL,HUB_CLAIM,CLAIM_ID,discovered
BJAZ_TRV_CLM_ITRACK_DTLS,HUB_POLICY,POLICY_NO,discovered
BJAZ_TRV_CLM_ITRACK_DTLS,HUB_CASE,ITRACK_NO,discovered
BJAZ_WG_INSPECTION_DTLS,HUB_CLAIM,CLAIM_ID,discovered
NG_HCM_INWARD_DETAILS,HUB_LOCATION,LOCATIONCODE,discovered
NG_HCM_INWARD_DETAILS,HUB_DOCUMENT,INWARD_ID,discovered
T_PREM_DATA_COM,HUB_POLICY,CONTRACT_ID,discovered
T_PREM_DATA_COM,HUB_POLICY,POLICY_REF,discovered
T_PREM_DATA_COM,HUB_COVERAGE,COVER_CODE,discovered
T_PREM_DATA_COM,HUB_PRODUCT,PRODUCT_CODE,discovered
T_PREM_DATA_COM,HUB_DISTRIBUTION_CHANNEL,PARTNER_ID,discovered
T_PREM_DATA_COM,HUB_ORG_UNIT,BRANCH_CODE,discovered
T_PREM_DATA_COM,HUB_ORG_UNIT,DEPARTMENT_CODE,discovered
