source_table,source_column,label,action,sheet_said,applied_as,correction_status
BJAZ_HM_COINSU_CLM_DTLS,NETWORK_CITY,hospital,EXCLUDE+FLAG,-,excluded (Outcome=unmapped in workbook),n/a
BJAZ_HM_COINSU_CLM_DTLS,STATE,hospital,EXCLUDE+FLAG,-,excluded (Outcome=unmapped in workbook),n/a
BJAZ_HM_HCM_EXTRACT,ADD1,hospital,EXCLUDE+FLAG,-,excluded (Outcome=unmapped in workbook),n/a
BJAZ_HM_HCM_EXTRACT,ADD2,hospital,EXCLUDE+FLAG,-,excluded (Outcome=unmapped in workbook),n/a
BJAZ_HM_HCM_EXTRACT,CITY,hospital,EXCLUDE+FLAG,-,excluded (Outcome=unmapped in workbook),n/a
BJAZ_HM_HCM_EXTRACT,STATE,hospital,EXCLUDE+FLAG,-,excluded (Outcome=unmapped in workbook),n/a
BJAZ_HM_HCM_EXTRACT,PIN,hospital,EXCLUDE+FLAG,-,excluded (Outcome=unmapped in workbook),n/a
BJAZ_TPA_CLAIM_DETAILS_WS,STATE,payee,EXCLUDE+FLAG,-,excluded (Outcome=unmapped in workbook),n/a
BJAZ_TPA_CLAIM_DETAILS_WS,CITY,payee,EXCLUDE+FLAG,-,excluded (Outcome=unmapped in workbook),n/a
BJAZ_TPA_CLAIM_DETAILS_WS,AREA,payee,EXCLUDE+FLAG,-,excluded (Outcome=unmapped in workbook),n/a
BJAZ_TPA_CLAIM_DETAILS_WS,PINCODE,payee,EXCLUDE+FLAG,-,excluded (Outcome=unmapped in workbook),n/a
BA_HCP_PP_MEM_DTLS,DC_NAME,diagnostic-centre,EXCLUDE+FLAG,-,excluded (Outcome=unmapped in workbook),n/a
BA_HCP_PROD_8428_GPG_LOADER,MD_NOMINEE,nominee,EXCLUDE+FLAG,-,excluded (Outcome=unmapped in workbook),n/a
BA_HCP_PROD_8432_ECP_LOADER,MD_NOMINEE,nominee,EXCLUDE+FLAG,-,excluded (Outcome=unmapped in workbook),n/a
BA_HCP_PROD_8433_FHC_LOADER,MD_NOMINEE,nominee,EXCLUDE+FLAG,-,excluded (Outcome=unmapped in workbook),n/a
BA_HCP_PROD_8439_CLH_LOADER,MD_NOMINEE,nominee,EXCLUDE+FLAG,-,excluded (Outcome=unmapped in workbook),n/a
BA_HCP_PROD_8439_CLH_LOADER,PLC_NAME_OF_ASSIGNEE,assignee,EXCLUDE+FLAG,-,excluded (Outcome=unmapped in workbook),n/a
BA_HCP_PROD_8439_CLH_LOADER,PLC_NAME_OF_ASSIGNOR,assignor,EXCLUDE+FLAG,-,excluded (Outcome=unmapped in workbook),n/a
BJAZ_BANDHAN_MEDI_CLAM,NOMINEE_NAME,nominee,EXCLUDE+FLAG,-,excluded (Outcome=unmapped in workbook),n/a
BJAZ_CARD_DTLS,COMPANY_NAME,employer,EXCLUDE+FLAG,-,excluded (Outcome=unmapped in workbook),n/a
BJAZ_EC_MEM_DTLS_EXTN,ASSIGNEE,assignee,EXCLUDE+FLAG,-,excluded (Outcome=unmapped in workbook),n/a
BJAZ_GENERIC_LOADER_LOG_TABLE,ASSIGNEE,assignee,EXCLUDE+FLAG,-,excluded (Outcome=unmapped in workbook),n/a
BJAZ_GP_HOSPITAL_CASH,NOMINEE_NAME,nominee,EXCLUDE+FLAG,-,excluded (Outcome=unmapped in workbook),n/a
BJAZ_GRP_HLT_CUST_DTLS,BENEFICIARY,beneficiary,EXCLUDE+FLAG,-,excluded (Outcome=unmapped in workbook),n/a
BJAZ_GRP_HLT_CUST_DTLS,INSTITITION,institution,EXCLUDE+FLAG,-,excluded (Outcome=unmapped in workbook),n/a
BJAZ_GRP_HLT_CUST_DTLS,CONTACT_PERSON,contact-person,EXCLUDE+FLAG,-,excluded (Outcome=unmapped in workbook),n/a
BJAZ_GRP_HLT_CUST_DTLS,FIRST_NAME,contact-person,EXCLUDE+FLAG,-,excluded (Outcome=unmapped in workbook),n/a
BJAZ_GRP_HLT_CUST_DTLS,MIDDLE_NAME,contact-person,EXCLUDE+FLAG,-,excluded (Outcome=unmapped in workbook),n/a
BJAZ_GRP_HLT_CUST_DTLS,LAST_NAME,contact-person,EXCLUDE+FLAG,-,excluded (Outcome=unmapped in workbook),n/a
BJAZ_GRP_HLT_DTLS,BENEFICIARY,beneficiary,EXCLUDE+FLAG,-,excluded (Outcome=unmapped in workbook),n/a
BJAZ_HAT_ID_MEM_DETLS,ASSIGNEE,assignee,EXCLUDE+FLAG,-,excluded (Outcome=unmapped in workbook),n/a
BJAZ_HCF_MEMBER_DTLS,ASSIGNEE,assignee,EXCLUDE+FLAG,-,excluded (Outcome=unmapped in workbook),n/a
BJAZ_HC_PART_EXTN,HOSPITAL,provider,EXCLUDE+FLAG,-,excluded (Outcome=unmapped in workbook),n/a
BJAZ_HC_PART_EXTN,ASSIGNEE_NAME,assignee,EXCLUDE+FLAG,-,excluded (Outcome=unmapped in workbook),n/a
BJAZ_HDFC_SEC_FHPP,NOMINEE_NAME,nominee,EXCLUDE+FLAG,-,excluded (Outcome=unmapped in workbook),n/a
BJAZ_HLT_ENSURE_MEM_DTLS,ASSIGNEE,assignee,EXCLUDE+FLAG,-,excluded (Outcome=unmapped in workbook),n/a
BJAZ_HM_COINSU_CLM_DTLS,NAME_COINSR_CO,coinsurer,EXCLUDE+FLAG,-,excluded (Outcome=unmapped in workbook),n/a
BJAZ_HM_COINSU_CLM_DTLS,NAME_OF_HOSPITAL,hospital,EXCLUDE+FLAG,-,excluded (Outcome=unmapped in workbook),n/a
BJAZ_HM_GMC_AHC,HOSPITAL_NAME,provider,EXCLUDE+FLAG,-,excluded (Outcome=unmapped in workbook),n/a
BJAZ_HM_HOSPITAL_MASTER_EXTN,ADMISSION_PERSON,admission-contact,EXCLUDE+FLAG,-,excluded (Outcome=unmapped in workbook),n/a
BJAZ_HM_HOSPITAL_MASTER_EXTN,BILLING_PERSON,billing-contact,EXCLUDE+FLAG,-,excluded (Outcome=unmapped in workbook),n/a
BJAZ_HM_HOSPITAL_MASTER_EXTN,AUTH_SIGNATORY,authorised-signatory,EXCLUDE+FLAG,-,excluded (Outcome=unmapped in workbook),n/a
BJAZ_HM_MEMBER_DTLS,ASSIGNEE_NAME,assignee,EXCLUDE+FLAG,-,excluded (Outcome=unmapped in workbook),n/a
BJAZ_HM_ORPHAN_REG,COMPANY_NAME,employer,EXCLUDE+FLAG,-,excluded (Outcome=unmapped in workbook),n/a
BJAZ_IHG_MEM_DTLS_EXTN,ASSIGNEE,assignee,EXCLUDE+FLAG,-,excluded (Outcome=unmapped in workbook),n/a
BJAZ_ILLNESS_BASES_EXTN,NOMINEE_NAME,nominee,EXCLUDE+FLAG,-,excluded (Outcome=unmapped in workbook),n/a
BJAZ_SH_MEM_DTLS_EXTN,ASSIGNEE,assignee,EXCLUDE+FLAG,-,excluded (Outcome=unmapped in workbook),n/a
BJAZ_SH_MEM_DTLS_EXTN,DOCTOR_NAME,provider,EXCLUDE+FLAG,-,excluded (Outcome=unmapped in workbook),n/a
BJAZ_TPA_CLAIM_DETAILS_WS,CLAIM_PAYABLE_BENEFICIARY,payee,EXCLUDE+FLAG,-,excluded (Outcome=unmapped in workbook),n/a
BJAZ_TPA_CLAIM_DETAILS_WS,HOSPITAL_CITY,hospital,RE-ANCHOR,HOSPITAL_CODE,HOSPITAL_CODE,"as-stated, verified OK"
BJAZ_TPA_CLAIM_DETAILS_WS,HOSPITAL_STATE,hospital,RE-ANCHOR,HOSPITAL_CODE,HOSPITAL_CODE,"as-stated, verified OK"
BA_HCP_PROD_8428_GPG_LOADER,PD_IMD_RM_E_CODE,imd-relationship-manager,RE-ANCHOR,PD_IMD_CODE,PD_IMD_RM_E_CODE,CORRECTED
BA_HCP_PROD_8428_GPG_LOADER,PD_BAGIC_RM_E_CODE,insurer-relationship-manager,RE-ANCHOR,PD_IMD_RM_E_CODE,PD_BAGIC_RM_E_CODE,CORRECTED
BA_HCP_PROD_8432_ECP_LOADER,PD_IMD_RM_E_CODE,imd-relationship-manager,RE-ANCHOR,PD_IMD_CODE,PD_IMD_RM_E_CODE,CORRECTED
BA_HCP_PROD_8432_ECP_LOADER,PD_BAGIC_RM_E_CODE,insurer-relationship-manager,RE-ANCHOR,PD_IMD_RM_E_CODE,PD_BAGIC_RM_E_CODE,CORRECTED
BA_HCP_PROD_8433_FHC_LOADER,PD_IMD_RM_E_CODE,imd-relationship-manager,RE-ANCHOR,PD_IMD_CODE,PD_IMD_RM_E_CODE,CORRECTED
BA_HCP_PROD_8433_FHC_LOADER,PD_BAGIC_RM_E_CODE,insurer-relationship-manager,RE-ANCHOR,PD_IMD_RM_E_CODE,PD_BAGIC_RM_E_CODE,CORRECTED
BA_HCP_PROD_8439_CLH_LOADER,PD_IMD_RM_E_CODE,imd-relationship-manager,RE-ANCHOR,PD_IMD_CODE,PD_IMD_RM_E_CODE,CORRECTED
BA_HCP_PROD_8439_CLH_LOADER,PD_BAGIC_RM_E_CODE,insurer-relationship-manager,RE-ANCHOR,PD_IMD_RM_E_CODE,PD_BAGIC_RM_E_CODE,CORRECTED
BJAZ_GPG_POL_DTLS,BAGIC_RM_E_CODE,relationship-manager,RE-ANCHOR,BAGIC_E_CODE,BAGIC_E_CODE,"AMBIGUOUS - as stated, needs confirmation"
BA_HCP_PROD_8432_ECP_LOADER,PD_IMD_RM_NAME,imd-relationship-manager,RE-ANCHOR,PD_IMD_CODE,PD_IMD_RM_E_CODE,CORRECTED
BA_HCP_PROD_8432_ECP_LOADER,PD_BAGIC_RM_NAME,insurer-relationship-manager,RE-ANCHOR,PD_IMD_RM_E_CODE,PD_BAGIC_RM_E_CODE,CORRECTED
BA_HCP_PROD_8433_FHC_LOADER,PD_IMD_RM_NAME,imd-relationship-manager,RE-ANCHOR,PD_IMD_CODE,PD_IMD_RM_E_CODE,CORRECTED
BA_HCP_PROD_8433_FHC_LOADER,PD_BAGIC_RM_NAME,insurer-relationship-manager,RE-ANCHOR,PD_IMD_RM_E_CODE,PD_BAGIC_RM_E_CODE,CORRECTED
BJAZ_GPG_POL_DTLS,IMD_NAME,intermediary,RE-ANCHOR,IMD_CODE,IMD_CODE,"as-stated, verified OK"
BJAZ_GPG_POL_DTLS,SUB_IMD_NAME,sub-intermediary,RE-ANCHOR,IMD_CODE,SUB_IMD_CODE,CORRECTED
BJAZ_GPG_POL_DTLS,BAGIC_RM_NAME,relationship-manager,RE-ANCHOR,BAGIC_RM_E_CODE,BAGIC_RM_E_CODE,"as-stated, verified OK"
BJAZ_GRP_HLT_IMD_DTLS,IMD_NAME,intermediary,RE-ANCHOR,IMD_CODE,IMD_CODE,"as-stated, verified OK"
BJAZ_GRP_HLT_IMD_DTLS,SUB_IMD_NAME,sub-intermediary,RE-ANCHOR,IMD_CODE,SUB_IMD_CODE,CORRECTED
BJAZ_GRP_HLT_IMD_DTLS,RM_NAME,relationship-manager,RE-ANCHOR,RM_CODE,RM_CODE,"as-stated, verified OK"
BJAZ_HM_HCM_EXTRACT,HOSPITAL,hospital,RE-ANCHOR,HOSPITAL_BILL_NO,HOSPITAL_ID,CORRECTED
BJAZ_REMEDINET_CLAIM_DETAILS,PROVIDER_NAME,provider,RE-ANCHOR,REMEDINET_PROVIDER_CODE,REMEDINET_PROVIDER_CODE,"as-stated, verified OK"
BJAZ_TPA_CLAIM_DETAILS_WS,HOSPITAL_NAME,provider,RE-ANCHOR,HOSPITAL_CODE,HOSPITAL_CODE,"as-stated, verified OK"
